IE_NAME;IE_ACTIVE;IP_PROP649;IP_PROP650;IP_PROP654;IP_PROP656;IP_PROP657;IP_PROP658;IP_PROP651;IP_PROP653;IP_PROP416;IP_PROP660;IP_PROP661;IP_PROP372
Ковры в салон для;Y;;;;;;;;vacuum_forming;универсальные;с бортиком;;NPL-Po-01-10-CM
Поддон в багажник для Acura Mdx в кузове ACURA-II;N;acura;;acura-ii;;;;2006;textile;сложенный 3 ряд;;Comfort;NPA00-VT030-020-CB
Поддон в багажник для Acura Mdx в кузове ACURA-II;N;acura;;acura-ii;;;;2006;textile;сложенный 3 ряд;;Comfort;NPA00-VT030-020-CBk
Поддон в багажник для Acura Mdx в кузове ACURA-II;N;acura;;acura-ii;;;;2006;textile;сложенный 3 ряд;;Comfort;NPA00-VT030-020-CG
Поддон в багажник для Acura Mdx в кузове ACURA-II;N;acura;;acura-ii;;;;2006;textile;сложенный 3 ряд;;Comfort;NPA00-VT030-020-CGt
Поддон в багажник для Acura Mdx в кузове ACURA-II;N;acura;;acura-ii;;;;2006;textile;сложенный 3 ряд;;Econom;NPA00-VT030-020-EBk
Поддон в багажник для Acura Mdx в кузове ACURA-II;N;acura;;acura-ii;;;;2006;textile;сложенный 3 ряд;;LUX;NPA00-VT030-020-LB
Поддон в багажник для Acura Mdx в кузове ACURA-II;N;acura;;acura-ii;;;;2006;textile;сложенный 3 ряд;;LUX;NPA00-VT030-020-LBk
Поддон в багажник для Acura Mdx в кузове ACURA-II;N;acura;;acura-ii;;;;2006;textile;сложенный 3 ряд;;LUX;NPA00-VT030-020-LG
Поддон в багажник для Acura Mdx в кузове ACURA-II;N;acura;;acura-ii;;;;2006;textile;сложенный 3 ряд;;LUX;NPA00-VT030-020-LGt
Поддон в багажник для Acura Mdx в кузове ACURA-II;N;acura;;acura-ii;;;;2006;textile;сложенный 3 ряд;;Prestige;NPA00-VT030-020-PB
Поддон в багажник для Acura Mdx в кузове ACURA-II;N;acura;;acura-ii;;;;2006;textile;сложенный 3 ряд;;Prestige;NPA00-VT030-020-PBk
Поддон в багажник для Acura Mdx в кузове ACURA-II;N;acura;;acura-ii;;;;2006;textile;сложенный 3 ряд;;Prestige;NPA00-VT030-020-PG
Ковры в салон для Acura Mdx в кузове ACURA-II;N;acura;;acura-ii;;;;2006;textile;3 ряд;;Comfort;NPA00-VTe030-021-CB
Ковры в салон для Acura Mdx в кузове ACURA-II;N;acura;;acura-ii;;;;2006;textile;3 ряд;;Comfort;NPA00-VTe030-021-CBk
Ковры в салон для Acura Mdx в кузове ACURA-II;N;acura;;acura-ii;;;;2006;textile;3 ряд;;Comfort;NPA00-VTe030-021-CG
Ковры в салон для Acura Mdx в кузове ACURA-II;N;acura;;acura-ii;;;;2006;textile;3 ряд;;Comfort;NPA00-VTe030-021-CGt
Ковры в салон для Acura Mdx в кузове ACURA-II;N;acura;;acura-ii;;;;2006;textile;3 ряд;;Econom;NPA00-VTe030-021-EBk
Ковры в салон для Acura Mdx в кузове ACURA-II;N;acura;;acura-ii;;;;2006;textile;3 ряд;;LUX;NPA00-VTe030-021-LB
Ковры в салон для Acura Mdx в кузове ACURA-II;N;acura;;acura-ii;;;;2006;textile;3 ряд;;LUX;NPA00-VTe030-021-LBk
Ковры в салон для Acura Mdx в кузове ACURA-II;N;acura;;acura-ii;;;;2006;textile;3 ряд;;LUX;NPA00-VTe030-021-LG
Ковры в салон для Acura Mdx в кузове ACURA-II;N;acura;;acura-ii;;;;2006;textile;3 ряд;;LUX;NPA00-VTe030-021-LGt
Ковры в салон для Acura Mdx в кузове ACURA-II;N;acura;;acura-ii;;;;2006;textile;3 ряд;;Prestige;NPA00-VTe030-021-PB
Ковры в салон для Acura Mdx в кузове ACURA-II;N;acura;;acura-ii;;;;2006;textile;3 ряд;;Prestige;NPA00-VTe030-021-PBk
Ковры в салон для Acura Mdx в кузове ACURA-II;N;acura;;acura-ii;;;;2006;textile;3 ряд;;Prestige;NPA00-VTe030-021-PG
Ковры в салон для Acura Mdx в кузове ACURA-II;N;acura;;acura-ii;;;;2006;textile;5 мест;;Comfort;NPA01-VTe030-020-CB
Ковры в салон для Acura Mdx в кузове ACURA-II;N;acura;;acura-ii;;;;2006;textile;5 мест;;Comfort;NPA01-VTe030-020-CBk
Ковры в салон для Acura Mdx в кузове ACURA-II;N;acura;;acura-ii;;;;2006;textile;5 мест;;Comfort;NPA01-VTe030-020-CG
Ковры в салон для Acura Mdx в кузове ACURA-II;N;acura;;acura-ii;;;;2006;textile;5 мест;;Comfort;NPA01-VTe030-020-CGt
Ковры в салон для Acura Mdx в кузове ACURA-II;N;acura;;acura-ii;;;;2006;textile;5 мест;;Econom;NPA01-VTe030-020-EBk
Ковры в салон для Acura Mdx в кузове ACURA-II;N;acura;;acura-ii;;;;2006;textile;5 мест;;LUX;NPA01-VTe030-020-LB
Ковры в салон для Acura Mdx в кузове ACURA-II;N;acura;;acura-ii;;;;2006;textile;5 мест;;LUX;NPA01-VTe030-020-LBk
Ковры в салон для Acura Mdx в кузове ACURA-II;N;acura;;acura-ii;;;;2006;textile;5 мест;;LUX;NPA01-VTe030-020-LG
Ковры в салон для Acura Mdx в кузове ACURA-II;N;acura;;acura-ii;;;;2006;textile;5 мест;;LUX;NPA01-VTe030-020-LGt
Ковры в салон для Acura Mdx в кузове ACURA-II;N;acura;;acura-ii;;;;2006;textile;5 мест;;Prestige;NPA01-VTe030-020-PB
Ковры в салон для Acura Mdx в кузове ACURA-II;N;acura;;acura-ii;;;;2006;textile;5 мест;;Prestige;NPA01-VTe030-020-PBk
Ковры в салон для Acura Mdx в кузове ACURA-II;N;acura;;acura-ii;;;;2006;textile;5 мест;;Prestige;NPA01-VTe030-020-PG
Поддон в багажник для Alfa-Romeo Giulia в кузове II-952;N;alfa-romeo;giulia;ii-952;;;;2016;textile;;;Comfort;NPA00-VT040-550-CB
Поддон в багажник для Alfa-Romeo Giulia в кузове II-952;N;alfa-romeo;giulia;ii-952;;;;2016;textile;;;Comfort;NPA00-VT040-550-CBk
Поддон в багажник для Alfa-Romeo Giulia в кузове II-952;N;alfa-romeo;giulia;ii-952;;;;2016;textile;;;Comfort;NPA00-VT040-550-CG
Поддон в багажник для Alfa-Romeo Giulia в кузове II-952;N;alfa-romeo;giulia;ii-952;;;;2016;textile;;;Comfort;NPA00-VT040-550-CGt
Поддон в багажник для Alfa-Romeo Giulia в кузове II-952;N;alfa-romeo;giulia;ii-952;;;;2016;textile;;;Econom;NPA00-VT040-550-EBk
Поддон в багажник для Alfa-Romeo Giulia в кузове II-952;N;alfa-romeo;giulia;ii-952;;;;2016;textile;;;LUX;NPA00-VT040-550-LB
Поддон в багажник для Alfa-Romeo Giulia в кузове II-952;N;alfa-romeo;giulia;ii-952;;;;2016;textile;;;LUX;NPA00-VT040-550-LBk
Поддон в багажник для Alfa-Romeo Giulia в кузове II-952;N;alfa-romeo;giulia;ii-952;;;;2016;textile;;;LUX;NPA00-VT040-550-LG
Поддон в багажник для Alfa-Romeo Giulia в кузове II-952;N;alfa-romeo;giulia;ii-952;;;;2016;textile;;;LUX;NPA00-VT040-550-LGt
Поддон в багажник для Alfa-Romeo Giulia в кузове II-952;N;alfa-romeo;giulia;ii-952;;;;2016;textile;;;Prestige;NPA00-VT040-550-PB
Поддон в багажник для Alfa-Romeo Giulia в кузове II-952;N;alfa-romeo;giulia;ii-952;;;;2016;textile;;;Prestige;NPA00-VT040-550-PBk
Поддон в багажник для Alfa-Romeo Giulia в кузове II-952;N;alfa-romeo;giulia;ii-952;;;;2016;textile;;;Prestige;NPA00-VT040-550-PG
Поддон в багажник для Alfa-Romeo Giulietta в кузове ALFA-ROMEO-III;N;alfa-romeo;giulietta;alfa-romeo-iii;;;;2010;textile;;;Comfort;NPA00-VT040-600-CB
Поддон в багажник для Alfa-Romeo Giulietta в кузове ALFA-ROMEO-III;N;alfa-romeo;giulietta;alfa-romeo-iii;;;;2010;textile;;;Comfort;NPA00-VT040-600-CBk
Поддон в багажник для Alfa-Romeo Giulietta в кузове ALFA-ROMEO-III;N;alfa-romeo;giulietta;alfa-romeo-iii;;;;2010;textile;;;Comfort;NPA00-VT040-600-CG
Поддон в багажник для Alfa-Romeo Giulietta в кузове ALFA-ROMEO-III;N;alfa-romeo;giulietta;alfa-romeo-iii;;;;2010;textile;;;Comfort;NPA00-VT040-600-CGt
Поддон в багажник для Alfa-Romeo Giulietta в кузове ALFA-ROMEO-III;N;alfa-romeo;giulietta;alfa-romeo-iii;;;;2010;textile;;;Econom;NPA00-VT040-600-EBk
Поддон в багажник для Alfa-Romeo Giulietta в кузове ALFA-ROMEO-III;N;alfa-romeo;giulietta;alfa-romeo-iii;;;;2010;textile;;;LUX;NPA00-VT040-600-LB
Поддон в багажник для Alfa-Romeo Giulietta в кузове ALFA-ROMEO-III;N;alfa-romeo;giulietta;alfa-romeo-iii;;;;2010;textile;;;LUX;NPA00-VT040-600-LBk
Поддон в багажник для Alfa-Romeo Giulietta в кузове ALFA-ROMEO-III;N;alfa-romeo;giulietta;alfa-romeo-iii;;;;2010;textile;;;LUX;NPA00-VT040-600-LG
Поддон в багажник для Alfa-Romeo Giulietta в кузове ALFA-ROMEO-III;N;alfa-romeo;giulietta;alfa-romeo-iii;;;;2010;textile;;;LUX;NPA00-VT040-600-LGt
Поддон в багажник для Alfa-Romeo Giulietta в кузове ALFA-ROMEO-III;N;alfa-romeo;giulietta;alfa-romeo-iii;;;;2010;textile;;;Prestige;NPA00-VT040-600-PB
Поддон в багажник для Alfa-Romeo Giulietta в кузове ALFA-ROMEO-III;N;alfa-romeo;giulietta;alfa-romeo-iii;;;;2010;textile;;;Prestige;NPA00-VT040-600-PBk
Поддон в багажник для Alfa-Romeo Giulietta в кузове ALFA-ROMEO-III;N;alfa-romeo;giulietta;alfa-romeo-iii;;;;2010;textile;;;Prestige;NPA00-VT040-600-PG
Поддон в багажник для Alfa-Romeo Stelvio;N;alfa-romeo;stelvio;;;;;2017;textile;;;Comfort;NPA00-VT040-850-CB
Поддон в багажник для Alfa-Romeo Stelvio;N;alfa-romeo;stelvio;;;;;2017;textile;;;Comfort;NPA00-VT040-850-CBk
Поддон в багажник для Alfa-Romeo Stelvio;N;alfa-romeo;stelvio;;;;;2017;textile;;;Comfort;NPA00-VT040-850-CG
Поддон в багажник для Alfa-Romeo Stelvio;N;alfa-romeo;stelvio;;;;;2017;textile;;;Comfort;NPA00-VT040-850-CGt
Поддон в багажник для Alfa-Romeo Stelvio;N;alfa-romeo;stelvio;;;;;2017;textile;;;Econom;NPA00-VT040-850-EBk
Поддон в багажник для Alfa-Romeo Stelvio;N;alfa-romeo;stelvio;;;;;2017;textile;;;LUX;NPA00-VT040-850-LB
Поддон в багажник для Alfa-Romeo Stelvio;N;alfa-romeo;stelvio;;;;;2017;textile;;;LUX;NPA00-VT040-850-LBk
Поддон в багажник для Alfa-Romeo Stelvio;N;alfa-romeo;stelvio;;;;;2017;textile;;;LUX;NPA00-VT040-850-LG
Поддон в багажник для Alfa-Romeo Stelvio;N;alfa-romeo;stelvio;;;;;2017;textile;;;LUX;NPA00-VT040-850-LGt
Поддон в багажник для Alfa-Romeo Stelvio;N;alfa-romeo;stelvio;;;;;2017;textile;;;Prestige;NPA00-VT040-850-PB
Поддон в багажник для Alfa-Romeo Stelvio;N;alfa-romeo;stelvio;;;;;2017;textile;;;Prestige;NPA00-VT040-850-PBk
Поддон в багажник для Alfa-Romeo Stelvio;N;alfa-romeo;stelvio;;;;;2017;textile;;;Prestige;NPA00-VT040-850-PG
Ковры в салон для Audi A100 в кузове C4-4A;N;audi;a100;c4-4a;;;;1991;textile;;;Comfort;NPA00-VTe050-100-CB
Ковры в салон для Audi A100 в кузове C4-4A;N;audi;a100;c4-4a;;;;1991;textile;;;Comfort;NPA00-VTe050-100-CBk
Ковры в салон для Audi A100 в кузове C4-4A;N;audi;a100;c4-4a;;;;1991;textile;;;Comfort;NPA00-VTe050-100-CG
Ковры в салон для Audi A100 в кузове C4-4A;N;audi;a100;c4-4a;;;;1991;textile;;;Comfort;NPA00-VTe050-100-CGt
Ковры в салон для Audi A100 в кузове C4-4A;N;audi;a100;c4-4a;;;;1991;textile;;;Econom;NPA00-VTe050-100-EBk
Ковры в салон для Audi A100 в кузове C4-4A;N;audi;a100;c4-4a;;;;1991;textile;;;LUX;NPA00-VTe050-100-LB
Ковры в салон для Audi A100 в кузове C4-4A;N;audi;a100;c4-4a;;;;1991;textile;;;LUX;NPA00-VTe050-100-LBk
Ковры в салон для Audi A100 в кузове C4-4A;N;audi;a100;c4-4a;;;;1991;textile;;;LUX;NPA00-VTe050-100-LG
Ковры в салон для Audi A100 в кузове C4-4A;N;audi;a100;c4-4a;;;;1991;textile;;;LUX;NPA00-VTe050-100-LGt
Ковры в салон для Audi A100 в кузове C4-4A;N;audi;a100;c4-4a;;;;1991;textile;;;Prestige;NPA00-VTe050-100-PB
Ковры в салон для Audi A100 в кузове C4-4A;N;audi;a100;c4-4a;;;;1991;textile;;;Prestige;NPA00-VTe050-100-PBk
Ковры в салон для Audi A100 в кузове C4-4A;N;audi;a100;c4-4a;;;;1991;textile;;;Prestige;NPA00-VTe050-100-PG
Ковры в салон для Audi A4 в кузове B6-8E;N;audi;a4;b6-8e;;;;2001;textile;;;Comfort;NPA00-VTe050-020-CB
Ковры в салон для Audi A4 в кузове B6-8E;N;audi;a4;b6-8e;;;;2001;textile;;;Comfort;NPA00-VTe050-020-CBk
Ковры в салон для Audi A4 в кузове B6-8E;N;audi;a4;b6-8e;;;;2001;textile;;;Comfort;NPA00-VTe050-020-CG
Ковры в салон для Audi A4 в кузове B6-8E;N;audi;a4;b6-8e;;;;2001;textile;;;Comfort;NPA00-VTe050-020-CGt
Ковры в салон для Audi A4 в кузове B6-8E;N;audi;a4;b6-8e;;;;2001;textile;;;Econom;NPA00-VTe050-020-EBk
Ковры в салон для Audi A4 в кузове B6-8E;N;audi;a4;b6-8e;;;;2001;textile;;;LUX;NPA00-VTe050-020-LB
Ковры в салон для Audi A4 в кузове B6-8E;N;audi;a4;b6-8e;;;;2001;textile;;;LUX;NPA00-VTe050-020-LBk
Ковры в салон для Audi A4 в кузове B6-8E;N;audi;a4;b6-8e;;;;2001;textile;;;LUX;NPA00-VTe050-020-LG
Ковры в салон для Audi A4 в кузове B6-8E;N;audi;a4;b6-8e;;;;2001;textile;;;LUX;NPA00-VTe050-020-LGt
Ковры в салон для Audi A4 в кузове B6-8E;N;audi;a4;b6-8e;;;;2001;textile;;;Prestige;NPA00-VTe050-020-PB
Ковры в салон для Audi A4 в кузове B6-8E;N;audi;a4;b6-8e;;;;2001;textile;;;Prestige;NPA00-VTe050-020-PBk
Ковры в салон для Audi A4 в кузове B6-8E;N;audi;a4;b6-8e;;;;2001;textile;;;Prestige;NPA00-VTe050-020-PG
Ковры в салон для Audi A4 в кузове B9;N;audi;a4;;;;;2015;textile;;;Comfort;NPA00-VTe050-205-CB
Ковры в салон для Audi A4 в кузове B9;N;audi;a4;;;;;2015;textile;;;Comfort;NPA00-VTe050-205-CBk
Ковры в салон для Audi A4 в кузове B9;N;audi;a4;;;;;2015;textile;;;Comfort;NPA00-VTe050-205-CG
Ковры в салон для Audi A4 в кузове B9;N;audi;a4;;;;;2015;textile;;;Comfort;NPA00-VTe050-205-CGt
Ковры в салон для Audi A4 в кузове B9;N;audi;a4;;;;;2015;textile;;;Econom;NPA00-VTe050-205-EBk
Ковры в салон для Audi A4 в кузове B9;N;audi;a4;;;;;2015;textile;;;LUX;NPA00-VTe050-205-LB
Ковры в салон для Audi A4 в кузове B9;N;audi;a4;;;;;2015;textile;;;LUX;NPA00-VTe050-205-LBk
Ковры в салон для Audi A4 в кузове B9;N;audi;a4;;;;;2015;textile;;;LUX;NPA00-VTe050-205-LG
Ковры в салон для Audi A4 в кузове B9;N;audi;a4;;;;;2015;textile;;;LUX;NPA00-VTe050-205-LGt
Ковры в салон для Audi A4 в кузове B9;N;audi;a4;;;;;2015;textile;;;Prestige;NPA00-VTe050-205-PB
Ковры в салон для Audi A4 в кузове B9;N;audi;a4;;;;;2015;textile;;;Prestige;NPA00-VTe050-205-PBk
Ковры в салон для Audi A4 в кузове B9;N;audi;a4;;;;;2015;textile;;;Prestige;NPA00-VTe050-205-PG
Поддон в багажник для Audi Q3 в кузове II-F3;N;audi;q3;ii-f3;;;;2018;vacuum_forming;;;;NPА00-T05-604-CM
Поддон в багажник для Audi Q3;N;audi;q3;;;;;2018;textile;;;Comfort;NPA00-VT050-604-CB
Поддон в багажник для Audi Q3;N;audi;q3;;;;;2018;textile;;;Comfort;NPA00-VT050-604-CBk
Поддон в багажник для Audi Q3;N;audi;q3;;;;;2018;textile;;;Comfort;NPA00-VT050-604-CG
Поддон в багажник для Audi Q3;N;audi;q3;;;;;2018;textile;;;Comfort;NPA00-VT050-604-CGt
Поддон в багажник для Audi Q3;N;audi;q3;;;;;2018;textile;;;Econom;NPA00-VT050-604-EBk
Поддон в багажник для Audi Q3;N;audi;q3;;;;;2018;textile;;;LUX;NPA00-VT050-604-LB
Поддон в багажник для Audi Q3;N;audi;q3;;;;;2018;textile;;;LUX;NPA00-VT050-604-LBk
Поддон в багажник для Audi Q3;N;audi;q3;;;;;2018;textile;;;LUX;NPA00-VT050-604-LG
Поддон в багажник для Audi Q3;N;audi;q3;;;;;2018;textile;;;LUX;NPA00-VT050-604-LGt
Поддон в багажник для Audi Q3;N;audi;q3;;;;;2018;textile;;;Prestige;NPA00-VT050-604-PB
Поддон в багажник для Audi Q3;N;audi;q3;;;;;2018;textile;;;Prestige;NPA00-VT050-604-PBk
Поддон в багажник для Audi Q3;N;audi;q3;;;;;2018;textile;;;Prestige;NPA00-VT050-604-PG
Поддон в багажник для Audi Q7 в кузове 4M;N;audi;q7;4m;;;;2015;textile;5 мест;;Comfort;NPA00-VT050-773-CB
Поддон в багажник для Audi Q7 в кузове 4M;N;audi;q7;4m;;;;2015;textile;5 мест;;Comfort;NPA00-VT050-773-CBk
Поддон в багажник для Audi Q7 в кузове 4M;N;audi;q7;4m;;;;2015;textile;5 мест;;Comfort;NPA00-VT050-773-CG
Поддон в багажник для Audi Q7 в кузове 4M;N;audi;q7;4m;;;;2015;textile;5 мест;;Comfort;NPA00-VT050-773-CGt
Поддон в багажник для Audi Q7 в кузове 4M;N;audi;q7;4m;;;;2015;textile;5 мест;;Econom;NPA00-VT050-773-EBk
Поддон в багажник для Audi Q7 в кузове 4M;N;audi;q7;4m;;;;2015;textile;5 мест;;LUX;NPA00-VT050-773-LB
Поддон в багажник для Audi Q7 в кузове 4M;N;audi;q7;4m;;;;2015;textile;5 мест;;LUX;NPA00-VT050-773-LBk
Поддон в багажник для Audi Q7 в кузове 4M;N;audi;q7;4m;;;;2015;textile;5 мест;;LUX;NPA00-VT050-773-LG
Поддон в багажник для Audi Q7 в кузове 4M;N;audi;q7;4m;;;;2015;textile;5 мест;;LUX;NPA00-VT050-773-LGt
Поддон в багажник для Audi Q7 в кузове 4M;N;audi;q7;4m;;;;2015;textile;5 мест;;Prestige;NPA00-VT050-773-PB
Поддон в багажник для Audi Q7 в кузове 4M;N;audi;q7;4m;;;;2015;textile;5 мест;;Prestige;NPA00-VT050-773-PBk
Поддон в багажник для Audi Q7 в кузове 4M;N;audi;q7;4m;;;;2015;textile;5 мест;;Prestige;NPA00-VT050-773-PG
Поддон в багажник для Audi Q7;N;audi;q7;;;;;2015;textile;7 мест;разложенный 3 ряд;Comfort;NPA00-VT050-777-CB
Поддон в багажник для Audi Q7;N;audi;q7;;;;;2015;textile;7 мест;разложенный 3 ряд;Comfort;NPA00-VT050-777-CBk
Поддон в багажник для Audi Q7;N;audi;q7;;;;;2015;textile;7 мест;разложенный 3 ряд;Comfort;NPA00-VT050-777-CG
Поддон в багажник для Audi Q7;N;audi;q7;;;;;2015;textile;7 мест;разложенный 3 ряд;Comfort;NPA00-VT050-777-CGt
Поддон в багажник для Audi Q7;N;audi;q7;;;;;2015;textile;7 мест;разложенный 3 ряд;Econom;NPA00-VT050-777-EBk
Поддон в багажник для Audi Q7;N;audi;q7;;;;;2015;textile;7 мест;разложенный 3 ряд;LUX;NPA00-VT050-777-LB
Поддон в багажник для Audi Q7;N;audi;q7;;;;;2015;textile;7 мест;разложенный 3 ряд;LUX;NPA00-VT050-777-LBk
Поддон в багажник для Audi Q7;N;audi;q7;;;;;2015;textile;7 мест;разложенный 3 ряд;LUX;NPA00-VT050-777-LG
Поддон в багажник для Audi Q7;N;audi;q7;;;;;2015;textile;7 мест;разложенный 3 ряд;LUX;NPA00-VT050-777-LGt
Поддон в багажник для Audi Q7;N;audi;q7;;;;;2015;textile;7 мест;разложенный 3 ряд;Prestige;NPA00-VT050-777-PB
Поддон в багажник для Audi Q7;N;audi;q7;;;;;2015;textile;7 мест;разложенный 3 ряд;Prestige;NPA00-VT050-777-PBk
Поддон в багажник для Audi Q7;N;audi;q7;;;;;2015;textile;7 мест;разложенный 3 ряд;Prestige;NPA00-VT050-777-PG
Ковры в салон для Audi Q7 в кузове 4LB;N;audi;q7;4lb;;;;2005;textile;;;Comfort;NPA00-VTe050-770-CB
Ковры в салон для Audi Q7 в кузове 4LB;N;audi;q7;4lb;;;;2005;textile;;;Comfort;NPA00-VTe050-770-CBk
Ковры в салон для Audi Q7 в кузове 4LB;N;audi;q7;4lb;;;;2005;textile;;;Comfort;NPA00-VTe050-770-CG
Ковры в салон для Audi Q7 в кузове 4LB;N;audi;q7;4lb;;;;2005;textile;;;Comfort;NPA00-VTe050-770-CGt
Ковры в салон для Audi Q7 в кузове 4LB;N;audi;q7;4lb;;;;2005;textile;;;Econom;NPA00-VTe050-770-EBk
Ковры в салон для Audi Q7 в кузове 4LB;N;audi;q7;4lb;;;;2005;textile;;;LUX;NPA00-VTe050-770-LB
Ковры в салон для Audi Q7 в кузове 4LB;N;audi;q7;4lb;;;;2005;textile;;;LUX;NPA00-VTe050-770-LBk
Ковры в салон для Audi Q7 в кузове 4LB;N;audi;q7;4lb;;;;2005;textile;;;LUX;NPA00-VTe050-770-LG
Ковры в салон для Audi Q7 в кузове 4LB;N;audi;q7;4lb;;;;2005;textile;;;LUX;NPA00-VTe050-770-LGt
Ковры в салон для Audi Q7 в кузове 4LB;N;audi;q7;4lb;;;;2005;textile;;;Prestige;NPA00-VTe050-770-PB
Ковры в салон для Audi Q7 в кузове 4LB;N;audi;q7;4lb;;;;2005;textile;;;Prestige;NPA00-VTe050-770-PBk
Ковры в салон для Audi Q7 в кузове 4LB;N;audi;q7;4lb;;;;2005;textile;;;Prestige;NPA00-VTe050-770-PG
Ковры в салон для Audi Q7 в кузове 4LB;N;audi;q7;4lb;;;;2005;textile;3 ряд;;Comfort;NPA00-VTe050-771-CB
Ковры в салон для Audi Q7 в кузове 4LB;N;audi;q7;4lb;;;;2005;textile;3 ряд;;Comfort;NPA00-VTe050-771-CBk
Ковры в салон для Audi Q7 в кузове 4LB;N;audi;q7;4lb;;;;2005;textile;3 ряд;;Comfort;NPA00-VTe050-771-CG
Ковры в салон для Audi Q7 в кузове 4LB;N;audi;q7;4lb;;;;2005;textile;3 ряд;;Comfort;NPA00-VTe050-771-CGt
Ковры в салон для Audi Q7 в кузове 4LB;N;audi;q7;4lb;;;;2005;textile;3 ряд;;Econom;NPA00-VTe050-771-EBk
Ковры в салон для Audi Q7 в кузове 4LB;N;audi;q7;4lb;;;;2005;textile;3 ряд;;LUX;NPA00-VTe050-771-LB
Ковры в салон для Audi Q7 в кузове 4LB;N;audi;q7;4lb;;;;2005;textile;3 ряд;;LUX;NPA00-VTe050-771-LBk
Ковры в салон для Audi Q7 в кузове 4LB;N;audi;q7;4lb;;;;2005;textile;3 ряд;;LUX;NPA00-VTe050-771-LG
Ковры в салон для Audi Q7 в кузове 4LB;N;audi;q7;4lb;;;;2005;textile;3 ряд;;LUX;NPA00-VTe050-771-LGt
Ковры в салон для Audi Q7 в кузове 4LB;N;audi;q7;4lb;;;;2005;textile;3 ряд;;Prestige;NPA00-VTe050-771-PB
Ковры в салон для Audi Q7 в кузове 4LB;N;audi;q7;4lb;;;;2005;textile;3 ряд;;Prestige;NPA00-VTe050-771-PBk
Ковры в салон для Audi Q7 в кузове 4LB;N;audi;q7;4lb;;;;2005;textile;3 ряд;;Prestige;NPA00-VTe050-771-PG
Ковры в салон для Audi Q7;N;audi;q7;;;;;2015;textile;3 ряд;;Comfort;NPA00-VTe050-776-CB
Ковры в салон для Audi Q7;N;audi;q7;;;;;2015;textile;3 ряд;;Comfort;NPA00-VTe050-776-CBk
Ковры в салон для Audi Q7;N;audi;q7;;;;;2015;textile;3 ряд;;Comfort;NPA00-VTe050-776-CG
Ковры в салон для Audi Q7;N;audi;q7;;;;;2015;textile;3 ряд;;Comfort;NPA00-VTe050-776-CGt
Ковры в салон для Audi Q7;N;audi;q7;;;;;2015;textile;3 ряд;;Econom;NPA00-VTe050-776-EBk
Ковры в салон для Audi Q7;N;audi;q7;;;;;2015;textile;3 ряд;;LUX;NPA00-VTe050-776-LB
Ковры в салон для Audi Q7;N;audi;q7;;;;;2015;textile;3 ряд;;LUX;NPA00-VTe050-776-LBk
Ковры в салон для Audi Q7;N;audi;q7;;;;;2015;textile;3 ряд;;LUX;NPA00-VTe050-776-LG
Ковры в салон для Audi Q7;N;audi;q7;;;;;2015;textile;3 ряд;;LUX;NPA00-VTe050-776-LGt
Ковры в салон для Audi Q7;N;audi;q7;;;;;2015;textile;3 ряд;;Prestige;NPA00-VTe050-776-PB
Ковры в салон для Audi Q7;N;audi;q7;;;;;2015;textile;3 ряд;;Prestige;NPA00-VTe050-776-PBk
Ковры в салон для Audi Q7;N;audi;q7;;;;;2015;textile;3 ряд;;Prestige;NPA00-VTe050-776-PG
Поддон в багажник для Audi Q8;N;audi;q8;;;;;2018;textile;5 мест;;Comfort;NPA00-VT050-800-CB
Поддон в багажник для Audi Q8;N;audi;q8;;;;;2018;textile;5 мест;;Comfort;NPA00-VT050-800-CBk
Поддон в багажник для Audi Q8;N;audi;q8;;;;;2018;textile;5 мест;;Comfort;NPA00-VT050-800-CG
Поддон в багажник для Audi Q8;N;audi;q8;;;;;2018;textile;5 мест;;Comfort;NPA00-VT050-800-CGt
Поддон в багажник для Audi Q8;N;audi;q8;;;;;2018;textile;5 мест;;Econom;NPA00-VT050-800-EBk
Поддон в багажник для Audi Q8;N;audi;q8;;;;;2018;textile;5 мест;;LUX;NPA00-VT050-800-LB
Поддон в багажник для Audi Q8;N;audi;q8;;;;;2018;textile;5 мест;;LUX;NPA00-VT050-800-LBk
Поддон в багажник для Audi Q8;N;audi;q8;;;;;2018;textile;5 мест;;LUX;NPA00-VT050-800-LG
Поддон в багажник для Audi Q8;N;audi;q8;;;;;2018;textile;5 мест;;LUX;NPA00-VT050-800-LGt
Поддон в багажник для Audi Q8;N;audi;q8;;;;;2018;textile;5 мест;;Prestige;NPA00-VT050-800-PB
Поддон в багажник для Audi Q8;N;audi;q8;;;;;2018;textile;5 мест;;Prestige;NPA00-VT050-800-PBk
Поддон в багажник для Audi Q8;N;audi;q8;;;;;2018;textile;5 мест;;Prestige;NPA00-VT050-800-PG
Ковры в салон для Audi Q8;N;audi;q8;;;;;2018;textile;5 мест;;Comfort;NPA00-VTe050-800-CB
Ковры в салон для Audi Q8;N;audi;q8;;;;;2018;textile;5 мест;;Comfort;NPA00-VTe050-800-CBk
Ковры в салон для Audi Q8;N;audi;q8;;;;;2018;textile;5 мест;;Comfort;NPA00-VTe050-800-CG
Ковры в салон для Audi Q8;N;audi;q8;;;;;2018;textile;5 мест;;Comfort;NPA00-VTe050-800-CGt
Ковры в салон для Audi Q8;N;audi;q8;;;;;2018;textile;5 мест;;Econom;NPA00-VTe050-800-EBk
Ковры в салон для Audi Q8;N;audi;q8;;;;;2018;textile;5 мест;;LUX;NPA00-VTe050-800-LB
Ковры в салон для Audi Q8;N;audi;q8;;;;;2018;textile;5 мест;;LUX;NPA00-VTe050-800-LBk
Ковры в салон для Audi Q8;N;audi;q8;;;;;2018;textile;5 мест;;LUX;NPA00-VTe050-800-LG
Ковры в салон для Audi Q8;N;audi;q8;;;;;2018;textile;5 мест;;LUX;NPA00-VTe050-800-LGt
Ковры в салон для Audi Q8;N;audi;q8;;;;;2018;textile;5 мест;;Prestige;NPA00-VTe050-800-PB
Ковры в салон для Audi Q8;N;audi;q8;;;;;2018;textile;5 мест;;Prestige;NPA00-VTe050-800-PBk
Ковры в салон для Audi Q8;N;audi;q8;;;;;2018;textile;5 мест;;Prestige;NPA00-VTe050-800-PG
Ковры в салон для Audi Tt в кузове 8N3;N;audi;tt;8n3;;;;1998;textile;;;Comfort;NPA00-VTe050-850-CB
Ковры в салон для Audi Tt в кузове 8N3;N;audi;tt;8n3;;;;1998;textile;;;Comfort;NPA00-VTe050-850-CBk
Ковры в салон для Audi Tt в кузове 8N3;N;audi;tt;8n3;;;;1998;textile;;;Comfort;NPA00-VTe050-850-CG
Ковры в салон для Audi Tt в кузове 8N3;N;audi;tt;8n3;;;;1998;textile;;;Comfort;NPA00-VTe050-850-CGt
Ковры в салон для Audi Tt в кузове 8N3;N;audi;tt;8n3;;;;1998;textile;;;Econom;NPA00-VTe050-850-EBk
Ковры в салон для Audi Tt в кузове 8N3;N;audi;tt;8n3;;;;1998;textile;;;LUX;NPA00-VTe050-850-LB
Ковры в салон для Audi Tt в кузове 8N3;N;audi;tt;8n3;;;;1998;textile;;;LUX;NPA00-VTe050-850-LBk
Ковры в салон для Audi Tt в кузове 8N3;N;audi;tt;8n3;;;;1998;textile;;;LUX;NPA00-VTe050-850-LG
Ковры в салон для Audi Tt в кузове 8N3;N;audi;tt;8n3;;;;1998;textile;;;LUX;NPA00-VTe050-850-LGt
Ковры в салон для Audi Tt в кузове 8N3;N;audi;tt;8n3;;;;1998;textile;;;Prestige;NPA00-VTe050-850-PB
Ковры в салон для Audi Tt в кузове 8N3;N;audi;tt;8n3;;;;1998;textile;;;Prestige;NPA00-VTe050-850-PBk
Ковры в салон для Audi Tt в кузове 8N3;N;audi;tt;8n3;;;;1998;textile;;;Prestige;NPA00-VTe050-850-PG
Ковры в салон для Audi Tt2 в кузове 8J3;N;audi;tt2;8j3;;;;2006;textile;;;Comfort;NPA00-VTe050-851-CB
Ковры в салон для Audi Tt2 в кузове 8J3;N;audi;tt2;8j3;;;;2006;textile;;;Comfort;NPA00-VTe050-851-CBk
Ковры в салон для Audi Tt2 в кузове 8J3;N;audi;tt2;8j3;;;;2006;textile;;;Comfort;NPA00-VTe050-851-CG
Ковры в салон для Audi Tt2 в кузове 8J3;N;audi;tt2;8j3;;;;2006;textile;;;Comfort;NPA00-VTe050-851-CGt
Ковры в салон для Audi Tt2 в кузове 8J3;N;audi;tt2;8j3;;;;2006;textile;;;Econom;NPA00-VTe050-851-EBk
Ковры в салон для Audi Tt2 в кузове 8J3;N;audi;tt2;8j3;;;;2006;textile;;;LUX;NPA00-VTe050-851-LB
Ковры в салон для Audi Tt2 в кузове 8J3;N;audi;tt2;8j3;;;;2006;textile;;;LUX;NPA00-VTe050-851-LBk
Ковры в салон для Audi Tt2 в кузове 8J3;N;audi;tt2;8j3;;;;2006;textile;;;LUX;NPA00-VTe050-851-LG
Ковры в салон для Audi Tt2 в кузове 8J3;N;audi;tt2;8j3;;;;2006;textile;;;LUX;NPA00-VTe050-851-LGt
Ковры в салон для Audi Tt2 в кузове 8J3;N;audi;tt2;8j3;;;;2006;textile;;;Prestige;NPA00-VTe050-851-PB
Ковры в салон для Audi Tt2 в кузове 8J3;N;audi;tt2;8j3;;;;2006;textile;;;Prestige;NPA00-VTe050-851-PBk
Ковры в салон для Audi Tt2 в кузове 8J3;N;audi;tt2;8j3;;;;2006;textile;;;Prestige;NPA00-VTe050-851-PG
Ковры в салон для Bmw 1 в кузове F20;N;bmw;1;f20;;;;2011;textile;5 дверей;;Comfort;NPA00-VTe070-060-CB
Ковры в салон для Bmw 1 в кузове F20;N;bmw;1;f20;;;;2011;textile;5 дверей;;Comfort;NPA00-VTe070-060-CBk
Ковры в салон для Bmw 1 в кузове F20;N;bmw;1;f20;;;;2011;textile;5 дверей;;Comfort;NPA00-VTe070-060-CG
Ковры в салон для Bmw 1 в кузове F20;N;bmw;1;f20;;;;2011;textile;5 дверей;;Comfort;NPA00-VTe070-060-CGt
Ковры в салон для Bmw 1 в кузове F20;N;bmw;1;f20;;;;2011;textile;5 дверей;;Econom;NPA00-VTe070-060-EBk
Ковры в салон для Bmw 1 в кузове F20;N;bmw;1;f20;;;;2011;textile;5 дверей;;LUX;NPA00-VTe070-060-LB
Ковры в салон для Bmw 1 в кузове F20;N;bmw;1;f20;;;;2011;textile;5 дверей;;LUX;NPA00-VTe070-060-LBk
Ковры в салон для Bmw 1 в кузове F20;N;bmw;1;f20;;;;2011;textile;5 дверей;;LUX;NPA00-VTe070-060-LG
Ковры в салон для Bmw 1 в кузове F20;N;bmw;1;f20;;;;2011;textile;5 дверей;;LUX;NPA00-VTe070-060-LGt
Ковры в салон для Bmw 1 в кузове F20;N;bmw;1;f20;;;;2011;textile;5 дверей;;Prestige;NPA00-VTe070-060-PB
Ковры в салон для Bmw 1 в кузове F20;N;bmw;1;f20;;;;2011;textile;5 дверей;;Prestige;NPA00-VTe070-060-PBk
Ковры в салон для Bmw 1 в кузове F20;N;bmw;1;f20;;;;2011;textile;5 дверей;;Prestige;NPA00-VTe070-060-PG
Ковры в салон для Bmw 1 в кузове Е87;N;bmw;1;;;;;2004;textile;5 дверей;;Comfort;NPA00-VTe070-187-CB
Ковры в салон для Bmw 1 в кузове Е87;N;bmw;1;;;;;2004;textile;5 дверей;;Comfort;NPA00-VTe070-187-CBk
Ковры в салон для Bmw 1 в кузове Е87;N;bmw;1;;;;;2004;textile;5 дверей;;Comfort;NPA00-VTe070-187-CG
Ковры в салон для Bmw 1 в кузове Е87;N;bmw;1;;;;;2004;textile;5 дверей;;Comfort;NPA00-VTe070-187-CGt
Ковры в салон для Bmw 1 в кузове Е87;N;bmw;1;;;;;2004;textile;5 дверей;;Econom;NPA00-VTe070-187-EBk
Ковры в салон для Bmw 1 в кузове Е87;N;bmw;1;;;;;2004;textile;5 дверей;;LUX;NPA00-VTe070-187-LB
Ковры в салон для Bmw 1 в кузове Е87;N;bmw;1;;;;;2004;textile;5 дверей;;LUX;NPA00-VTe070-187-LBk
Ковры в салон для Bmw 1 в кузове Е87;N;bmw;1;;;;;2004;textile;5 дверей;;LUX;NPA00-VTe070-187-LG
Ковры в салон для Bmw 1 в кузове Е87;N;bmw;1;;;;;2004;textile;5 дверей;;LUX;NPA00-VTe070-187-LGt
Ковры в салон для Bmw 1 в кузове Е87;N;bmw;1;;;;;2004;textile;5 дверей;;Prestige;NPA00-VTe070-187-PB
Ковры в салон для Bmw 1 в кузове Е87;N;bmw;1;;;;;2004;textile;5 дверей;;Prestige;NPA00-VTe070-187-PBk
Ковры в салон для Bmw 1 в кузове Е87;N;bmw;1;;;;;2004;textile;5 дверей;;Prestige;NPA00-VTe070-187-PG
Поддон в багажник для Bmw 3 в кузове GT-F34;N;bmw;3;;;;;2013;textile;лифтбэк;;Comfort;NPA00-VT070-100-CB
Поддон в багажник для Bmw 3 в кузове GT-F34;N;bmw;3;;;;;2013;textile;лифтбэк;;Comfort;NPA00-VT070-100-CBk
Поддон в багажник для Bmw 3 в кузове GT-F34;N;bmw;3;;;;;2013;textile;лифтбэк;;Comfort;NPA00-VT070-100-CG
Поддон в багажник для Bmw 3 в кузове GT-F34;N;bmw;3;;;;;2013;textile;лифтбэк;;Comfort;NPA00-VT070-100-CGt
Поддон в багажник для Bmw 3 в кузове GT-F34;N;bmw;3;;;;;2013;textile;лифтбэк;;Econom;NPA00-VT070-100-EBk
Поддон в багажник для Bmw 3 в кузове GT-F34;N;bmw;3;;;;;2013;textile;лифтбэк;;LUX;NPA00-VT070-100-LB
Поддон в багажник для Bmw 3 в кузове GT-F34;N;bmw;3;;;;;2013;textile;лифтбэк;;LUX;NPA00-VT070-100-LBk
Поддон в багажник для Bmw 3 в кузове GT-F34;N;bmw;3;;;;;2013;textile;лифтбэк;;LUX;NPA00-VT070-100-LG
Поддон в багажник для Bmw 3 в кузове GT-F34;N;bmw;3;;;;;2013;textile;лифтбэк;;LUX;NPA00-VT070-100-LGt
Поддон в багажник для Bmw 3 в кузове GT-F34;N;bmw;3;;;;;2013;textile;лифтбэк;;Prestige;NPA00-VT070-100-PB
Поддон в багажник для Bmw 3 в кузове GT-F34;N;bmw;3;;;;;2013;textile;лифтбэк;;Prestige;NPA00-VT070-100-PBk
Поддон в багажник для Bmw 3 в кузове GT-F34;N;bmw;3;;;;;2013;textile;лифтбэк;;Prestige;NPA00-VT070-100-PG
Поддон в багажник для Bmw 3 в кузове F31-WAG;N;bmw;3;f31-wag;;;;2011;textile;;;Comfort;NPA00-VT070-103-CB
Поддон в багажник для Bmw 3 в кузове F31-WAG;N;bmw;3;f31-wag;;;;2011;textile;;;Comfort;NPA00-VT070-103-CBk
Поддон в багажник для Bmw 3 в кузове F31-WAG;N;bmw;3;f31-wag;;;;2011;textile;;;Comfort;NPA00-VT070-103-CG
Поддон в багажник для Bmw 3 в кузове F31-WAG;N;bmw;3;f31-wag;;;;2011;textile;;;Comfort;NPA00-VT070-103-CGt
Поддон в багажник для Bmw 3 в кузове F31-WAG;N;bmw;3;f31-wag;;;;2011;textile;;;Econom;NPA00-VT070-103-EBk
Поддон в багажник для Bmw 3 в кузове F31-WAG;N;bmw;3;f31-wag;;;;2011;textile;;;LUX;NPA00-VT070-103-LB
Поддон в багажник для Bmw 3 в кузове F31-WAG;N;bmw;3;f31-wag;;;;2011;textile;;;LUX;NPA00-VT070-103-LBk
Поддон в багажник для Bmw 3 в кузове F31-WAG;N;bmw;3;f31-wag;;;;2011;textile;;;LUX;NPA00-VT070-103-LG
Поддон в багажник для Bmw 3 в кузове F31-WAG;N;bmw;3;f31-wag;;;;2011;textile;;;LUX;NPA00-VT070-103-LGt
Поддон в багажник для Bmw 3 в кузове F31-WAG;N;bmw;3;f31-wag;;;;2011;textile;;;Prestige;NPA00-VT070-103-PB
Поддон в багажник для Bmw 3 в кузове F31-WAG;N;bmw;3;f31-wag;;;;2011;textile;;;Prestige;NPA00-VT070-103-PBk
Поддон в багажник для Bmw 3 в кузове F31-WAG;N;bmw;3;f31-wag;;;;2011;textile;;;Prestige;NPA00-VT070-103-PG
Поддон в багажник для Bmw 3 в кузове G20;N;bmw;3;g20;;;;2018;textile;монопривод;;Comfort;NPA00-VT070-110-CB
Поддон в багажник для Bmw 3 в кузове G20;N;bmw;3;g20;;;;2018;textile;монопривод;;Comfort;NPA00-VT070-110-CBk
Поддон в багажник для Bmw 3 в кузове G20;N;bmw;3;g20;;;;2018;textile;монопривод;;Comfort;NPA00-VT070-110-CG
Поддон в багажник для Bmw 3 в кузове G20;N;bmw;3;g20;;;;2018;textile;монопривод;;Comfort;NPA00-VT070-110-CGt
Поддон в багажник для Bmw 3 в кузове G20;N;bmw;3;g20;;;;2018;textile;монопривод;;Econom;NPA00-VT070-110-EBk
Поддон в багажник для Bmw 3 в кузове G20;N;bmw;3;g20;;;;2018;textile;монопривод;;LUX;NPA00-VT070-110-LB
Поддон в багажник для Bmw 3 в кузове G20;N;bmw;3;g20;;;;2018;textile;монопривод;;LUX;NPA00-VT070-110-LBk
Поддон в багажник для Bmw 3 в кузове G20;N;bmw;3;g20;;;;2018;textile;монопривод;;LUX;NPA00-VT070-110-LG
Поддон в багажник для Bmw 3 в кузове G20;N;bmw;3;g20;;;;2018;textile;монопривод;;LUX;NPA00-VT070-110-LGt
Поддон в багажник для Bmw 3 в кузове G20;N;bmw;3;g20;;;;2018;textile;монопривод;;Prestige;NPA00-VT070-110-PB
Поддон в багажник для Bmw 3 в кузове G20;N;bmw;3;g20;;;;2018;textile;монопривод;;Prestige;NPA00-VT070-110-PBk
Поддон в багажник для Bmw 3 в кузове G20;N;bmw;3;g20;;;;2018;textile;монопривод;;Prestige;NPA00-VT070-110-PG
Ковры в салон для Bmw 3 в кузове G20;N;bmw;3;g20;;;;2018;textile;монопривод;;Comfort;NPA10-VTe070-110-CB
Ковры в салон для Bmw 3 в кузове G20;N;bmw;3;g20;;;;2018;textile;монопривод;;Comfort;NPA10-VTe070-110-CBk
Ковры в салон для Bmw 3 в кузове G20;N;bmw;3;g20;;;;2018;textile;монопривод;;Comfort;NPA10-VTe070-110-CG
Ковры в салон для Bmw 3 в кузове G20;N;bmw;3;g20;;;;2018;textile;монопривод;;Comfort;NPA10-VTe070-110-CGt
Ковры в салон для Bmw 3 в кузове G20;N;bmw;3;g20;;;;2018;textile;монопривод;;Econom;NPA10-VTe070-110-EBk
Ковры в салон для Bmw 3 в кузове G20;N;bmw;3;g20;;;;2018;textile;монопривод;;LUX;NPA10-VTe070-110-LB
Ковры в салон для Bmw 3 в кузове G20;N;bmw;3;g20;;;;2018;textile;монопривод;;LUX;NPA10-VTe070-110-LBk
Ковры в салон для Bmw 3 в кузове G20;N;bmw;3;g20;;;;2018;textile;монопривод;;LUX;NPA10-VTe070-110-LG
Ковры в салон для Bmw 3 в кузове G20;N;bmw;3;g20;;;;2018;textile;монопривод;;LUX;NPA10-VTe070-110-LGt
Ковры в салон для Bmw 3 в кузове G20;N;bmw;3;g20;;;;2018;textile;монопривод;;Prestige;NPA10-VTe070-110-PB
Ковры в салон для Bmw 3 в кузове G20;N;bmw;3;g20;;;;2018;textile;монопривод;;Prestige;NPA10-VTe070-110-PBk
Ковры в салон для Bmw 3 в кузове G20;N;bmw;3;g20;;;;2018;textile;монопривод;;Prestige;NPA10-VTe070-110-PG
Ковры в салон для Bmw 4 в кузове F36;N;bmw;4;f36;;;;2013;textile;;;Comfort;NPA10-VTe070-125-CB
Ковры в салон для Bmw 4 в кузове F36;N;bmw;4;f36;;;;2013;textile;;;Comfort;NPA10-VTe070-125-CBk
Ковры в салон для Bmw 4 в кузове F36;N;bmw;4;f36;;;;2013;textile;;;Comfort;NPA10-VTe070-125-CG
Ковры в салон для Bmw 4 в кузове F36;N;bmw;4;f36;;;;2013;textile;;;Comfort;NPA10-VTe070-125-CGt
Ковры в салон для Bmw 4 в кузове F36;N;bmw;4;f36;;;;2013;textile;;;Econom;NPA10-VTe070-125-EBk
Ковры в салон для Bmw 4 в кузове F36;N;bmw;4;f36;;;;2013;textile;;;LUX;NPA10-VTe070-125-LB
Ковры в салон для Bmw 4 в кузове F36;N;bmw;4;f36;;;;2013;textile;;;LUX;NPA10-VTe070-125-LBk
Ковры в салон для Bmw 4 в кузове F36;N;bmw;4;f36;;;;2013;textile;;;LUX;NPA10-VTe070-125-LG
Ковры в салон для Bmw 4 в кузове F36;N;bmw;4;f36;;;;2013;textile;;;LUX;NPA10-VTe070-125-LGt
Ковры в салон для Bmw 4 в кузове F36;N;bmw;4;f36;;;;2013;textile;;;Prestige;NPA10-VTe070-125-PB
Ковры в салон для Bmw 4 в кузове F36;N;bmw;4;f36;;;;2013;textile;;;Prestige;NPA10-VTe070-125-PBk
Ковры в салон для Bmw 4 в кузове F36;N;bmw;4;f36;;;;2013;textile;;;Prestige;NPA10-VTe070-125-PG
Поддон в багажник для Bmw 5 в кузове G30-SD;N;bmw;5;g30-sd;;;;2016;vacuum_forming;;;;NPA00-T07-160-CM
Ковры в салон для Bmw 5 в кузове G30;N;bmw;5;g30;;;;2016;vacuum_forming;;;3D;NPA11-C07-160-CM
Ковры в салон для Bmw 5 в кузове F10;N;bmw;5;f10;;;;2013;textile;задний привод;;Comfort;NPA00-VTe070-152-CB
Ковры в салон для Bmw 5 в кузове F10;N;bmw;5;f10;;;;2013;textile;задний привод;;Comfort;NPA00-VTe070-152-CBk
Ковры в салон для Bmw 5 в кузове F10;N;bmw;5;f10;;;;2013;textile;задний привод;;Comfort;NPA00-VTe070-152-CG
Ковры в салон для Bmw 5 в кузове F10;N;bmw;5;f10;;;;2013;textile;задний привод;;Comfort;NPA00-VTe070-152-CGt
Ковры в салон для Bmw 5 в кузове F10;N;bmw;5;f10;;;;2013;textile;задний привод;;Econom;NPA00-VTe070-152-EBk
Ковры в салон для Bmw 5 в кузове F10;N;bmw;5;f10;;;;2013;textile;задний привод;;LUX;NPA00-VTe070-152-LB
Ковры в салон для Bmw 5 в кузове F10;N;bmw;5;f10;;;;2013;textile;задний привод;;LUX;NPA00-VTe070-152-LBk
Ковры в салон для Bmw 5 в кузове F10;N;bmw;5;f10;;;;2013;textile;задний привод;;LUX;NPA00-VTe070-152-LG
Ковры в салон для Bmw 5 в кузове F10;N;bmw;5;f10;;;;2013;textile;задний привод;;LUX;NPA00-VTe070-152-LGt
Ковры в салон для Bmw 5 в кузове F10;N;bmw;5;f10;;;;2013;textile;задний привод;;Prestige;NPA00-VTe070-152-PB
Ковры в салон для Bmw 5 в кузове F10;N;bmw;5;f10;;;;2013;textile;задний привод;;Prestige;NPA00-VTe070-152-PBk
Ковры в салон для Bmw 5 в кузове F10;N;bmw;5;f10;;;;2013;textile;задний привод;;Prestige;NPA00-VTe070-152-PG
Ковры в салон для Bmw 5 в кузове E39;N;bmw;5;e39;;;;1995;textile;;;Comfort;NPA00-VTe070-539-CB
Ковры в салон для Bmw 5 в кузове E39;N;bmw;5;e39;;;;1995;textile;;;Comfort;NPA00-VTe070-539-CBk
Ковры в салон для Bmw 5 в кузове E39;N;bmw;5;e39;;;;1995;textile;;;Comfort;NPA00-VTe070-539-CG
Ковры в салон для Bmw 5 в кузове E39;N;bmw;5;e39;;;;1995;textile;;;Comfort;NPA00-VTe070-539-CGt
Ковры в салон для Bmw 5 в кузове E39;N;bmw;5;e39;;;;1995;textile;;;Econom;NPA00-VTe070-539-EBk
Ковры в салон для Bmw 5 в кузове E39;N;bmw;5;e39;;;;1995;textile;;;LUX;NPA00-VTe070-539-LB
Ковры в салон для Bmw 5 в кузове E39;N;bmw;5;e39;;;;1995;textile;;;LUX;NPA00-VTe070-539-LBk
Ковры в салон для Bmw 5 в кузове E39;N;bmw;5;e39;;;;1995;textile;;;LUX;NPA00-VTe070-539-LG
Ковры в салон для Bmw 5 в кузове E39;N;bmw;5;e39;;;;1995;textile;;;LUX;NPA00-VTe070-539-LGt
Ковры в салон для Bmw 5 в кузове E39;N;bmw;5;e39;;;;1995;textile;;;Prestige;NPA00-VTe070-539-PB
Ковры в салон для Bmw 5 в кузове E39;N;bmw;5;e39;;;;1995;textile;;;Prestige;NPA00-VTe070-539-PBk
Ковры в салон для Bmw 5 в кузове E39;N;bmw;5;e39;;;;1995;textile;;;Prestige;NPA00-VTe070-539-PG
Ковры в салон для Bmw 5 в кузове E60;N;bmw;5;e60;;;;2003;textile;;;Comfort;NPA00-VTe070-560-CB
Ковры в салон для Bmw 5 в кузове E60;N;bmw;5;e60;;;;2003;textile;;;Comfort;NPA00-VTe070-560-CBk
Ковры в салон для Bmw 5 в кузове E60;N;bmw;5;e60;;;;2003;textile;;;Comfort;NPA00-VTe070-560-CG
Ковры в салон для Bmw 5 в кузове E60;N;bmw;5;e60;;;;2003;textile;;;Comfort;NPA00-VTe070-560-CGt
Ковры в салон для Bmw 5 в кузове E60;N;bmw;5;e60;;;;2003;textile;;;Econom;NPA00-VTe070-560-EBk
Ковры в салон для Bmw 5 в кузове E60;N;bmw;5;e60;;;;2003;textile;;;LUX;NPA00-VTe070-560-LB
Ковры в салон для Bmw 5 в кузове E60;N;bmw;5;e60;;;;2003;textile;;;LUX;NPA00-VTe070-560-LBk
Ковры в салон для Bmw 5 в кузове E60;N;bmw;5;e60;;;;2003;textile;;;LUX;NPA00-VTe070-560-LG
Ковры в салон для Bmw 5 в кузове E60;N;bmw;5;e60;;;;2003;textile;;;LUX;NPA00-VTe070-560-LGt
Ковры в салон для Bmw 5 в кузове E60;N;bmw;5;e60;;;;2003;textile;;;Prestige;NPA00-VTe070-560-PB
Ковры в салон для Bmw 5 в кузове E60;N;bmw;5;e60;;;;2003;textile;;;Prestige;NPA00-VTe070-560-PBk
Ковры в салон для Bmw 5 в кузове E60;N;bmw;5;e60;;;;2003;textile;;;Prestige;NPA00-VTe070-560-PG
Ковры в салон для Bmw Х1 в кузове E84;N;bmw;;e84;;;;2009;textile;;;Comfort;NPA00-VTe070-010-CB
Ковры в салон для Bmw Х1 в кузове E84;N;bmw;;e84;;;;2009;textile;;;Comfort;NPA00-VTe070-010-CBk
Ковры в салон для Bmw Х1 в кузове E84;N;bmw;;e84;;;;2009;textile;;;Comfort;NPA00-VTe070-010-CG
Ковры в салон для Bmw Х1 в кузове E84;N;bmw;;e84;;;;2009;textile;;;Comfort;NPA00-VTe070-010-CGt
Ковры в салон для Bmw Х1 в кузове E84;N;bmw;;e84;;;;2009;textile;;;Econom;NPA00-VTe070-010-EBk
Ковры в салон для Bmw Х1 в кузове E84;N;bmw;;e84;;;;2009;textile;;;LUX;NPA00-VTe070-010-LB
Ковры в салон для Bmw Х1 в кузове E84;N;bmw;;e84;;;;2009;textile;;;LUX;NPA00-VTe070-010-LBk
Ковры в салон для Bmw Х1 в кузове E84;N;bmw;;e84;;;;2009;textile;;;LUX;NPA00-VTe070-010-LG
Ковры в салон для Bmw Х1 в кузове E84;N;bmw;;e84;;;;2009;textile;;;LUX;NPA00-VTe070-010-LGt
Ковры в салон для Bmw Х1 в кузове E84;N;bmw;;e84;;;;2009;textile;;;Prestige;NPA00-VTe070-010-PB
Ковры в салон для Bmw Х1 в кузове E84;N;bmw;;e84;;;;2009;textile;;;Prestige;NPA00-VTe070-010-PBk
Ковры в салон для Bmw Х1 в кузове E84;N;bmw;;e84;;;;2009;textile;;;Prestige;NPA00-VTe070-010-PG
Ковры в салон для Bmw Х1 в кузове F48;N;bmw;;f48;;;;2015;textile;;;Comfort;NPA10-VTe070-510-CB
Ковры в салон для Bmw Х1 в кузове F48;N;bmw;;f48;;;;2015;textile;;;Comfort;NPA10-VTe070-510-CBk
Ковры в салон для Bmw Х1 в кузове F48;N;bmw;;f48;;;;2015;textile;;;Comfort;NPA10-VTe070-510-CG
Ковры в салон для Bmw Х1 в кузове F48;N;bmw;;f48;;;;2015;textile;;;Comfort;NPA10-VTe070-510-CGt
Ковры в салон для Bmw Х1 в кузове F48;N;bmw;;f48;;;;2015;textile;;;Econom;NPA10-VTe070-510-EBk
Ковры в салон для Bmw Х1 в кузове F48;N;bmw;;f48;;;;2015;textile;;;LUX;NPA10-VTe070-510-LB
Ковры в салон для Bmw Х1 в кузове F48;N;bmw;;f48;;;;2015;textile;;;LUX;NPA10-VTe070-510-LBk
Ковры в салон для Bmw Х1 в кузове F48;N;bmw;;f48;;;;2015;textile;;;LUX;NPA10-VTe070-510-LG
Ковры в салон для Bmw Х1 в кузове F48;N;bmw;;f48;;;;2015;textile;;;LUX;NPA10-VTe070-510-LGt
Ковры в салон для Bmw Х1 в кузове F48;N;bmw;;f48;;;;2015;textile;;;Prestige;NPA10-VTe070-510-PB
Ковры в салон для Bmw Х1 в кузове F48;N;bmw;;f48;;;;2015;textile;;;Prestige;NPA10-VTe070-510-PBk
Ковры в салон для Bmw Х1 в кузове F48;N;bmw;;f48;;;;2015;textile;;;Prestige;NPA10-VTe070-510-PG
Ковры в салон для Bmw Х3 в кузове F25;N;bmw;;f25;;;;2010;textile;USA;;Comfort;NPA00-VTe070-041-CB
Ковры в салон для Bmw Х3 в кузове F25;N;bmw;;f25;;;;2010;textile;USA;;Comfort;NPA00-VTe070-041-CBk
Ковры в салон для Bmw Х3 в кузове F25;N;bmw;;f25;;;;2010;textile;USA;;Comfort;NPA00-VTe070-041-CG
Ковры в салон для Bmw Х3 в кузове F25;N;bmw;;f25;;;;2010;textile;USA;;Comfort;NPA00-VTe070-041-CGt
Ковры в салон для Bmw Х3 в кузове F25;N;bmw;;f25;;;;2010;textile;USA;;Econom;NPA00-VTe070-041-EBk
Ковры в салон для Bmw Х3 в кузове F25;N;bmw;;f25;;;;2010;textile;USA;;LUX;NPA00-VTe070-041-LB
Ковры в салон для Bmw Х3 в кузове F25;N;bmw;;f25;;;;2010;textile;USA;;LUX;NPA00-VTe070-041-LBk
Ковры в салон для Bmw Х3 в кузове F25;N;bmw;;f25;;;;2010;textile;USA;;LUX;NPA00-VTe070-041-LG
Ковры в салон для Bmw Х3 в кузове F25;N;bmw;;f25;;;;2010;textile;USA;;LUX;NPA00-VTe070-041-LGt
Ковры в салон для Bmw Х3 в кузове F25;N;bmw;;f25;;;;2010;textile;USA;;Prestige;NPA00-VTe070-041-PB
Ковры в салон для Bmw Х3 в кузове F25;N;bmw;;f25;;;;2010;textile;USA;;Prestige;NPA00-VTe070-041-PBk
Ковры в салон для Bmw Х3 в кузове F25;N;bmw;;f25;;;;2010;textile;USA;;Prestige;NPA00-VTe070-041-PG
Ковры в салон для Bmw Х5 в кузове Е53;N;bmw;;;;;;1999;textile;;;Comfort;NPA00-VTe070-053-CB
Ковры в салон для Bmw Х5 в кузове Е53;N;bmw;;;;;;1999;textile;;;Comfort;NPA00-VTe070-053-CBk
Ковры в салон для Bmw Х5 в кузове Е53;N;bmw;;;;;;1999;textile;;;Comfort;NPA00-VTe070-053-CG
Ковры в салон для Bmw Х5 в кузове Е53;N;bmw;;;;;;1999;textile;;;Comfort;NPA00-VTe070-053-CGt
Ковры в салон для Bmw Х5 в кузове Е53;N;bmw;;;;;;1999;textile;;;Econom;NPA00-VTe070-053-EBk
Ковры в салон для Bmw Х5 в кузове Е53;N;bmw;;;;;;1999;textile;;;LUX;NPA00-VTe070-053-LB
Ковры в салон для Bmw Х5 в кузове Е53;N;bmw;;;;;;1999;textile;;;LUX;NPA00-VTe070-053-LBk
Ковры в салон для Bmw Х5 в кузове Е53;N;bmw;;;;;;1999;textile;;;LUX;NPA00-VTe070-053-LG
Ковры в салон для Bmw Х5 в кузове Е53;N;bmw;;;;;;1999;textile;;;LUX;NPA00-VTe070-053-LGt
Ковры в салон для Bmw Х5 в кузове Е53;N;bmw;;;;;;1999;textile;;;Prestige;NPA00-VTe070-053-PB
Ковры в салон для Bmw Х5 в кузове Е53;N;bmw;;;;;;1999;textile;;;Prestige;NPA00-VTe070-053-PBk
Ковры в салон для Bmw Х5 в кузове Е53;N;bmw;;;;;;1999;textile;;;Prestige;NPA00-VTe070-053-PG
Ковры в салон для Bmw Х5 в кузове Е70;N;bmw;;;;;;2006;textile;;;Comfort;NPA01-VTe070-070-CB
Ковры в салон для Bmw Х5 в кузове Е70;N;bmw;;;;;;2006;textile;;;Comfort;NPA01-VTe070-070-CBk
Ковры в салон для Bmw Х5 в кузове Е70;N;bmw;;;;;;2006;textile;;;Comfort;NPA01-VTe070-070-CG
Ковры в салон для Bmw Х5 в кузове Е70;N;bmw;;;;;;2006;textile;;;Comfort;NPA01-VTe070-070-CGt
Ковры в салон для Bmw Х5 в кузове Е70;N;bmw;;;;;;2006;textile;;;Econom;NPA01-VTe070-070-EBk
Ковры в салон для Bmw Х5 в кузове Е70;N;bmw;;;;;;2006;textile;;;LUX;NPA01-VTe070-070-LB
Ковры в салон для Bmw Х5 в кузове Е70;N;bmw;;;;;;2006;textile;;;LUX;NPA01-VTe070-070-LBk
Ковры в салон для Bmw Х5 в кузове Е70;N;bmw;;;;;;2006;textile;;;LUX;NPA01-VTe070-070-LG
Ковры в салон для Bmw Х5 в кузове Е70;N;bmw;;;;;;2006;textile;;;LUX;NPA01-VTe070-070-LGt
Ковры в салон для Bmw Х5 в кузове Е70;N;bmw;;;;;;2006;textile;;;Prestige;NPA01-VTe070-070-PB
Ковры в салон для Bmw Х5 в кузове Е70;N;bmw;;;;;;2006;textile;;;Prestige;NPA01-VTe070-070-PBk
Ковры в салон для Bmw Х5 в кузове Е70;N;bmw;;;;;;2006;textile;;;Prestige;NPA01-VTe070-070-PG
Ковры в салон для Bmw Х5 в кузове F15;N;bmw;;f15;;;;2013;textile;;;Comfort;NPA01-VTe070-700-CB
Ковры в салон для Bmw Х5 в кузове F15;N;bmw;;f15;;;;2013;textile;;;Comfort;NPA01-VTe070-700-CBk
Ковры в салон для Bmw Х5 в кузове F15;N;bmw;;f15;;;;2013;textile;;;Comfort;NPA01-VTe070-700-CG
Ковры в салон для Bmw Х5 в кузове F15;N;bmw;;f15;;;;2013;textile;;;Comfort;NPA01-VTe070-700-CGt
Ковры в салон для Bmw Х5 в кузове F15;N;bmw;;f15;;;;2013;textile;;;Econom;NPA01-VTe070-700-EBk
Ковры в салон для Bmw Х5 в кузове F15;N;bmw;;f15;;;;2013;textile;;;LUX;NPA01-VTe070-700-LB
Ковры в салон для Bmw Х5 в кузове F15;N;bmw;;f15;;;;2013;textile;;;LUX;NPA01-VTe070-700-LBk
Ковры в салон для Bmw Х5 в кузове F15;N;bmw;;f15;;;;2013;textile;;;LUX;NPA01-VTe070-700-LG
Ковры в салон для Bmw Х5 в кузове F15;N;bmw;;f15;;;;2013;textile;;;LUX;NPA01-VTe070-700-LGt
Ковры в салон для Bmw Х5 в кузове F15;N;bmw;;f15;;;;2013;textile;;;Prestige;NPA01-VTe070-700-PB
Ковры в салон для Bmw Х5 в кузове F15;N;bmw;;f15;;;;2013;textile;;;Prestige;NPA01-VTe070-700-PBk
Ковры в салон для Bmw Х5 в кузове F15;N;bmw;;f15;;;;2013;textile;;;Prestige;NPA01-VTe070-700-PG
Ковры в салон для Bmw Х5 в кузове G05;N;bmw;;g05;;;;2018;textile;;;Comfort;NPA01-VTe070-710-CB
Ковры в салон для Bmw Х5 в кузове G05;N;bmw;;g05;;;;2018;textile;;;Comfort;NPA01-VTe070-710-CBk
Ковры в салон для Bmw Х5 в кузове G05;N;bmw;;g05;;;;2018;textile;;;Comfort;NPA01-VTe070-710-CG
Ковры в салон для Bmw Х5 в кузове G05;N;bmw;;g05;;;;2018;textile;;;Comfort;NPA01-VTe070-710-CGt
Ковры в салон для Bmw Х5 в кузове G05;N;bmw;;g05;;;;2018;textile;;;Econom;NPA01-VTe070-710-EBk
Ковры в салон для Bmw Х5 в кузове G05;N;bmw;;g05;;;;2018;textile;;;LUX;NPA01-VTe070-710-LB
Ковры в салон для Bmw Х5 в кузове G05;N;bmw;;g05;;;;2018;textile;;;LUX;NPA01-VTe070-710-LBk
Ковры в салон для Bmw Х5 в кузове G05;N;bmw;;g05;;;;2018;textile;;;LUX;NPA01-VTe070-710-LG
Ковры в салон для Bmw Х5 в кузове G05;N;bmw;;g05;;;;2018;textile;;;LUX;NPA01-VTe070-710-LGt
Ковры в салон для Bmw Х5 в кузове G05;N;bmw;;g05;;;;2018;textile;;;Prestige;NPA01-VTe070-710-PB
Ковры в салон для Bmw Х5 в кузове G05;N;bmw;;g05;;;;2018;textile;;;Prestige;NPA01-VTe070-710-PBk
Ковры в салон для Bmw Х5 в кузове G05;N;bmw;;g05;;;;2018;textile;;;Prestige;NPA01-VTe070-710-PG
Ковры в салон для Bmw Х6 в кузове E71;N;bmw;;e71;;;;2008;textile;;;Comfort;NPA01-VTe070-080-CB
Ковры в салон для Bmw Х6 в кузове E71;N;bmw;;e71;;;;2008;textile;;;Comfort;NPA01-VTe070-080-CBk
Ковры в салон для Bmw Х6 в кузове E71;N;bmw;;e71;;;;2008;textile;;;Comfort;NPA01-VTe070-080-CG
Ковры в салон для Bmw Х6 в кузове E71;N;bmw;;e71;;;;2008;textile;;;Comfort;NPA01-VTe070-080-CGt
Ковры в салон для Bmw Х6 в кузове E71;N;bmw;;e71;;;;2008;textile;;;Econom;NPA01-VTe070-080-EBk
Ковры в салон для Bmw Х6 в кузове E71;N;bmw;;e71;;;;2008;textile;;;LUX;NPA01-VTe070-080-LB
Ковры в салон для Bmw Х6 в кузове E71;N;bmw;;e71;;;;2008;textile;;;LUX;NPA01-VTe070-080-LBk
Ковры в салон для Bmw Х6 в кузове E71;N;bmw;;e71;;;;2008;textile;;;LUX;NPA01-VTe070-080-LG
Ковры в салон для Bmw Х6 в кузове E71;N;bmw;;e71;;;;2008;textile;;;LUX;NPA01-VTe070-080-LGt
Ковры в салон для Bmw Х6 в кузове E71;N;bmw;;e71;;;;2008;textile;;;Prestige;NPA01-VTe070-080-PB
Ковры в салон для Bmw Х6 в кузове E71;N;bmw;;e71;;;;2008;textile;;;Prestige;NPA01-VTe070-080-PBk
Ковры в салон для Bmw Х6 в кузове E71;N;bmw;;e71;;;;2008;textile;;;Prestige;NPA01-VTe070-080-PG
Поддон в багажник для Bmw Х7 в кузове G07;N;bmw;;g07;;;;2018;textile;разложенный 3 ряд;;Comfort;NPA00-VT070-790-CB
Поддон в багажник для Bmw Х7 в кузове G07;N;bmw;;g07;;;;2018;textile;разложенный 3 ряд;;Comfort;NPA00-VT070-790-CBk
Поддон в багажник для Bmw Х7 в кузове G07;N;bmw;;g07;;;;2018;textile;разложенный 3 ряд;;Comfort;NPA00-VT070-790-CG
Поддон в багажник для Bmw Х7 в кузове G07;N;bmw;;g07;;;;2018;textile;разложенный 3 ряд;;Comfort;NPA00-VT070-790-CGt
Поддон в багажник для Bmw Х7 в кузове G07;N;bmw;;g07;;;;2018;textile;разложенный 3 ряд;;Econom;NPA00-VT070-790-EBk
Поддон в багажник для Bmw Х7 в кузове G07;N;bmw;;g07;;;;2018;textile;разложенный 3 ряд;;LUX;NPA00-VT070-790-LB
Поддон в багажник для Bmw Х7 в кузове G07;N;bmw;;g07;;;;2018;textile;разложенный 3 ряд;;LUX;NPA00-VT070-790-LBk
Поддон в багажник для Bmw Х7 в кузове G07;N;bmw;;g07;;;;2018;textile;разложенный 3 ряд;;LUX;NPA00-VT070-790-LG
Поддон в багажник для Bmw Х7 в кузове G07;N;bmw;;g07;;;;2018;textile;разложенный 3 ряд;;LUX;NPA00-VT070-790-LGt
Поддон в багажник для Bmw Х7 в кузове G07;N;bmw;;g07;;;;2018;textile;разложенный 3 ряд;;Prestige;NPA00-VT070-790-PB
Поддон в багажник для Bmw Х7 в кузове G07;N;bmw;;g07;;;;2018;textile;разложенный 3 ряд;;Prestige;NPA00-VT070-790-PBk
Поддон в багажник для Bmw Х7 в кузове G07;N;bmw;;g07;;;;2018;textile;разложенный 3 ряд;;Prestige;NPA00-VT070-790-PG
Ковры в салон для Bmw Х7 в кузове G07;N;bmw;;g07;;;;2018;textile;5 мест;;Comfort;NPA00-VTe070-790-CB
Ковры в салон для Bmw Х7 в кузове G07;N;bmw;;g07;;;;2018;textile;5 мест;;Comfort;NPA00-VTe070-790-CBk
Ковры в салон для Bmw Х7 в кузове G07;N;bmw;;g07;;;;2018;textile;5 мест;;Comfort;NPA00-VTe070-790-CG
Ковры в салон для Bmw Х7 в кузове G07;N;bmw;;g07;;;;2018;textile;5 мест;;Comfort;NPA00-VTe070-790-CGt
Ковры в салон для Bmw Х7 в кузове G07;N;bmw;;g07;;;;2018;textile;5 мест;;Econom;NPA00-VTe070-790-EBk
Ковры в салон для Bmw Х7 в кузове G07;N;bmw;;g07;;;;2018;textile;5 мест;;LUX;NPA00-VTe070-790-LB
Ковры в салон для Bmw Х7 в кузове G07;N;bmw;;g07;;;;2018;textile;5 мест;;LUX;NPA00-VTe070-790-LBk
Ковры в салон для Bmw Х7 в кузове G07;N;bmw;;g07;;;;2018;textile;5 мест;;LUX;NPA00-VTe070-790-LG
Ковры в салон для Bmw Х7 в кузове G07;N;bmw;;g07;;;;2018;textile;5 мест;;LUX;NPA00-VTe070-790-LGt
Ковры в салон для Bmw Х7 в кузове G07;N;bmw;;g07;;;;2018;textile;5 мест;;Prestige;NPA00-VTe070-790-PB
Ковры в салон для Bmw Х7 в кузове G07;N;bmw;;g07;;;;2018;textile;5 мест;;Prestige;NPA00-VTe070-790-PBk
Ковры в салон для Bmw Х7 в кузове G07;N;bmw;;g07;;;;2018;textile;5 мест;;Prestige;NPA00-VTe070-790-PG
Ковры в салон для Bmw Х7 в кузове G07;N;bmw;;g07;;;;2018;textile;3 ряд;;Comfort;NPA00-VTe070-791-CB
Ковры в салон для Bmw Х7 в кузове G07;N;bmw;;g07;;;;2018;textile;3 ряд;;Comfort;NPA00-VTe070-791-CBk
Ковры в салон для Bmw Х7 в кузове G07;N;bmw;;g07;;;;2018;textile;3 ряд;;Comfort;NPA00-VTe070-791-CG
Ковры в салон для Bmw Х7 в кузове G07;N;bmw;;g07;;;;2018;textile;3 ряд;;Comfort;NPA00-VTe070-791-CGt
Ковры в салон для Bmw Х7 в кузове G07;N;bmw;;g07;;;;2018;textile;3 ряд;;Econom;NPA00-VTe070-791-EBk
Ковры в салон для Bmw Х7 в кузове G07;N;bmw;;g07;;;;2018;textile;3 ряд;;LUX;NPA00-VTe070-791-LB
Ковры в салон для Bmw Х7 в кузове G07;N;bmw;;g07;;;;2018;textile;3 ряд;;LUX;NPA00-VTe070-791-LBk
Ковры в салон для Bmw Х7 в кузове G07;N;bmw;;g07;;;;2018;textile;3 ряд;;LUX;NPA00-VTe070-791-LG
Ковры в салон для Bmw Х7 в кузове G07;N;bmw;;g07;;;;2018;textile;3 ряд;;LUX;NPA00-VTe070-791-LGt
Ковры в салон для Bmw Х7 в кузове G07;N;bmw;;g07;;;;2018;textile;3 ряд;;Prestige;NPA00-VTe070-791-PB
Ковры в салон для Bmw Х7 в кузове G07;N;bmw;;g07;;;;2018;textile;3 ряд;;Prestige;NPA00-VTe070-791-PBk
Ковры в салон для Bmw Х7 в кузове G07;N;bmw;;g07;;;;2018;textile;3 ряд;;Prestige;NPA00-VTe070-791-PG
Поддон в багажник для Bmw X3 в кузове G1;N;bmw;x3;g1;;;;2017;vacuum_forming;;;;NPA00-T07-550-CM
Ковры в салон для Bmw X3 в кузове G1;N;bmw;x3;g1;;;;2017;vacuum_forming;;;;NPA01-C07-550-CM
Поддон в багажник для Bmw X5 в кузове G05;N;bmw;x5;g05;;;;2018;textile;;;Comfort;NPA00-VT070-710-CB
Поддон в багажник для Bmw X5 в кузове G05;N;bmw;x5;g05;;;;2018;textile;;;Comfort;NPA00-VT070-710-CBk
Поддон в багажник для Bmw X5 в кузове G05;N;bmw;x5;g05;;;;2018;textile;;;Comfort;NPA00-VT070-710-CG
Поддон в багажник для Bmw X5 в кузове G05;N;bmw;x5;g05;;;;2018;textile;;;Comfort;NPA00-VT070-710-CGt
Поддон в багажник для Bmw X5 в кузове G05;N;bmw;x5;g05;;;;2018;textile;;;Econom;NPA00-VT070-710-EBk
Поддон в багажник для Bmw X5 в кузове G05;N;bmw;x5;g05;;;;2018;textile;;;LUX;NPA00-VT070-710-LB
Поддон в багажник для Bmw X5 в кузове G05;N;bmw;x5;g05;;;;2018;textile;;;LUX;NPA00-VT070-710-LBk
Поддон в багажник для Bmw X5 в кузове G05;N;bmw;x5;g05;;;;2018;textile;;;LUX;NPA00-VT070-710-LG
Поддон в багажник для Bmw X5 в кузове G05;N;bmw;x5;g05;;;;2018;textile;;;LUX;NPA00-VT070-710-LGt
Поддон в багажник для Bmw X5 в кузове G05;N;bmw;x5;g05;;;;2018;textile;;;Prestige;NPA00-VT070-710-PB
Поддон в багажник для Bmw X5 в кузове G05;N;bmw;x5;g05;;;;2018;textile;;;Prestige;NPA00-VT070-710-PBk
Поддон в багажник для Bmw X5 в кузове G05;N;bmw;x5;g05;;;;2018;textile;;;Prestige;NPA00-VT070-710-PG
Ковры в салон для Bmw X6 в кузове F16-F86M;N;bmw;x6;f16-f86m;;;;2014;textile;;;Comfort;NPA01-VTe070-760-CB
Ковры в салон для Bmw X6 в кузове F16-F86M;N;bmw;x6;f16-f86m;;;;2014;textile;;;Comfort;NPA01-VTe070-760-CBk
Ковры в салон для Bmw X6 в кузове F16-F86M;N;bmw;x6;f16-f86m;;;;2014;textile;;;Comfort;NPA01-VTe070-760-CG
Ковры в салон для Bmw X6 в кузове F16-F86M;N;bmw;x6;f16-f86m;;;;2014;textile;;;Comfort;NPA01-VTe070-760-CGt
Ковры в салон для Bmw X6 в кузове F16-F86M;N;bmw;x6;f16-f86m;;;;2014;textile;;;Econom;NPA01-VTe070-760-EBk
Ковры в салон для Bmw X6 в кузове F16-F86M;N;bmw;x6;f16-f86m;;;;2014;textile;;;LUX;NPA01-VTe070-760-LB
Ковры в салон для Bmw X6 в кузове F16-F86M;N;bmw;x6;f16-f86m;;;;2014;textile;;;LUX;NPA01-VTe070-760-LBk
Ковры в салон для Bmw X6 в кузове F16-F86M;N;bmw;x6;f16-f86m;;;;2014;textile;;;LUX;NPA01-VTe070-760-LG
Ковры в салон для Bmw X6 в кузове F16-F86M;N;bmw;x6;f16-f86m;;;;2014;textile;;;LUX;NPA01-VTe070-760-LGt
Ковры в салон для Bmw X6 в кузове F16-F86M;N;bmw;x6;f16-f86m;;;;2014;textile;;;Prestige;NPA01-VTe070-760-PB
Ковры в салон для Bmw X6 в кузове F16-F86M;N;bmw;x6;f16-f86m;;;;2014;textile;;;Prestige;NPA01-VTe070-760-PBk
Ковры в салон для Bmw X6 в кузове F16-F86M;N;bmw;x6;f16-f86m;;;;2014;textile;;;Prestige;NPA01-VTe070-760-PG
Поддон в багажник для Brilliance V3;N;brilliance;v3;;;;;2015;textile;;;Comfort;NPA00-VT019-850-CB
Поддон в багажник для Brilliance V3;N;brilliance;v3;;;;;2015;textile;;;Comfort;NPA00-VT019-850-CBk
Поддон в багажник для Brilliance V3;N;brilliance;v3;;;;;2015;textile;;;Comfort;NPA00-VT019-850-CG
Поддон в багажник для Brilliance V3;N;brilliance;v3;;;;;2015;textile;;;Comfort;NPA00-VT019-850-CGt
Поддон в багажник для Brilliance V3;N;brilliance;v3;;;;;2015;textile;;;Econom;NPA00-VT019-850-EBk
Поддон в багажник для Brilliance V3;N;brilliance;v3;;;;;2015;textile;;;LUX;NPA00-VT019-850-LB
Поддон в багажник для Brilliance V3;N;brilliance;v3;;;;;2015;textile;;;LUX;NPA00-VT019-850-LBk
Поддон в багажник для Brilliance V3;N;brilliance;v3;;;;;2015;textile;;;LUX;NPA00-VT019-850-LG
Поддон в багажник для Brilliance V3;N;brilliance;v3;;;;;2015;textile;;;LUX;NPA00-VT019-850-LGt
Поддон в багажник для Brilliance V3;N;brilliance;v3;;;;;2015;textile;;;Prestige;NPA00-VT019-850-PB
Поддон в багажник для Brilliance V3;N;brilliance;v3;;;;;2015;textile;;;Prestige;NPA00-VT019-850-PBk
Поддон в багажник для Brilliance V3;N;brilliance;v3;;;;;2015;textile;;;Prestige;NPA00-VT019-850-PG
Ковры в салон для Brilliance V3;N;brilliance;v3;;;;;2015;textile;;;Comfort;NPA11-VTe019-850-CB
Ковры в салон для Brilliance V3;N;brilliance;v3;;;;;2015;textile;;;Comfort;NPA11-VTe019-850-CBk
Ковры в салон для Brilliance V3;N;brilliance;v3;;;;;2015;textile;;;Comfort;NPA11-VTe019-850-CG
Ковры в салон для Brilliance V3;N;brilliance;v3;;;;;2015;textile;;;Comfort;NPA11-VTe019-850-CGt
Ковры в салон для Brilliance V3;N;brilliance;v3;;;;;2015;textile;;;Econom;NPA11-VTe019-850-EBk
Ковры в салон для Brilliance V3;N;brilliance;v3;;;;;2015;textile;;;LUX;NPA11-VTe019-850-LB
Ковры в салон для Brilliance V3;N;brilliance;v3;;;;;2015;textile;;;LUX;NPA11-VTe019-850-LBk
Ковры в салон для Brilliance V3;N;brilliance;v3;;;;;2015;textile;;;LUX;NPA11-VTe019-850-LG
Ковры в салон для Brilliance V3;N;brilliance;v3;;;;;2015;textile;;;LUX;NPA11-VTe019-850-LGt
Ковры в салон для Brilliance V3;N;brilliance;v3;;;;;2015;textile;;;Prestige;NPA11-VTe019-850-PB
Ковры в салон для Brilliance V3;N;brilliance;v3;;;;;2015;textile;;;Prestige;NPA11-VTe019-850-PBk
Ковры в салон для Brilliance V3;N;brilliance;v3;;;;;2015;textile;;;Prestige;NPA11-VTe019-850-PG
Поддон в багажник для Cadillac Escalade;N;cadillac;escalade;;;;;2014;textile;разложенный 3 ряд;;Comfort;NPA00-VT120-711-CB
Поддон в багажник для Cadillac Escalade;N;cadillac;escalade;;;;;2014;textile;разложенный 3 ряд;;Comfort;NPA00-VT120-711-CBk
Поддон в багажник для Cadillac Escalade;N;cadillac;escalade;;;;;2014;textile;разложенный 3 ряд;;Comfort;NPA00-VT120-711-CG
Поддон в багажник для Cadillac Escalade;N;cadillac;escalade;;;;;2014;textile;разложенный 3 ряд;;Comfort;NPA00-VT120-711-CGt
Поддон в багажник для Cadillac Escalade;N;cadillac;escalade;;;;;2014;textile;разложенный 3 ряд;;Econom;NPA00-VT120-711-EBk
Поддон в багажник для Cadillac Escalade;N;cadillac;escalade;;;;;2014;textile;разложенный 3 ряд;;LUX;NPA00-VT120-711-LB
Поддон в багажник для Cadillac Escalade;N;cadillac;escalade;;;;;2014;textile;разложенный 3 ряд;;LUX;NPA00-VT120-711-LBk
Поддон в багажник для Cadillac Escalade;N;cadillac;escalade;;;;;2014;textile;разложенный 3 ряд;;LUX;NPA00-VT120-711-LG
Поддон в багажник для Cadillac Escalade;N;cadillac;escalade;;;;;2014;textile;разложенный 3 ряд;;LUX;NPA00-VT120-711-LGt
Поддон в багажник для Cadillac Escalade;N;cadillac;escalade;;;;;2014;textile;разложенный 3 ряд;;Prestige;NPA00-VT120-711-PB
Поддон в багажник для Cadillac Escalade;N;cadillac;escalade;;;;;2014;textile;разложенный 3 ряд;;Prestige;NPA00-VT120-711-PBk
Поддон в багажник для Cadillac Escalade;N;cadillac;escalade;;;;;2014;textile;разложенный 3 ряд;;Prestige;NPA00-VT120-711-PG